id,nombre,unidad_medida_id,costo_base,activo,clase_sugerida,frecuencia_en_excel,unidad_referida,observaciones
1,1 TABLA,81,50000.0,True,INSUMO,2,30X30X2.5,derivado_de_excel; variantes=1; ejemplos=1 TABLA:2
2,2 COLAPATOS,,0.0,True,INSUMO,1,,derivado_de_excel; variantes=1; ejemplos=2 COLAPATOS:1
3,ALGODON,31,15000.0,True,INSUMO,7,CM,derivado_de_excel; variantes=1; ejemplos=ALGODON:7
4,ALGODON CILICONADO,3,14000.0,True,INSUMO,1,UNIDADES,derivado_de_excel; variantes=1; ejemplos=ALGODON CILICONADO:1
5,APAGADOR CAFETERO,2,2000.0,True,INSUMO,6,unidades,derivado_de_excel; variantes=1; ejemplos=APAGADOR CAFETERO:6
6,APAGADORES,10,1500.0,True,INSUMO,33,PAR,derivado_de_excel; variantes=1; ejemplos=APAGADORES:33
7,BARILLA TRIPA POLLO,,15000.0,True,INSUMO,14,,derivado_de_excel; variantes=1; ejemplos=BARILLA TRIPA POLLO:14
8,BARRA DE SILICONA,5,2000.0,True,INSUMO,1,UNIDAD,derivado_de_excel; variantes=1; ejemplos=BARRA DE SILICONA:1
9,BISAGRAS,50,14000.0,True,INSUMO,1,PARES,derivado_de_excel; variantes=1; ejemplos=BISAGRAS:1
10,BISELADO DEL ESPEJO BORDE,5,7000.0,True,INSUMO,4,UNIDAD,derivado_de_excel; variantes=1; ejemplos=BISELADO DEL ESPEJO BORDE:4
11,BLANCO POLIURETANO,6,57500.0,True,INSUMO,12,PISTOLADA,derivado_de_excel; variantes=1; ejemplos=BLANCO POLIURETANO:12
12,BOTONES,25,5000.0,True,INSUMO,5,JALADORES,derivado_de_excel; variantes=1; ejemplos=BOTONES:5
13,BUTACO,5,295200.0,True,INSUMO,1,UNIDAD,derivado_de_excel; variantes=1; ejemplos=BUTACO:1
14,CABLE,4,1500.0,True,INSUMO,12,METROS,derivado_de_excel; variantes=1; ejemplos=CABLE:12
15,CABLE # 12,4,2500.0,True,INSUMO,1,METROS,derivado_de_excel; variantes=1; ejemplos=CABLE # 12:1
16,CABLE DE 12,4,3000.0,True,INSUMO,32,METROS,derivado_de_excel; variantes=1; ejemplos=CABLE DE 12:32
17,CABULLA,23,17000.0,True,INSUMO,10,MTS,derivado_de_excel; variantes=1; ejemplos=CABULLA:10
18,CABUYA,34,11000.0,True,INSUMO,2,ROLLO,derivado_de_excel; variantes=1; ejemplos=CABUYA:2
19,CAFETERO,5,30000.0,True,INSUMO,3,UNIDAD,derivado_de_excel; variantes=1; ejemplos=CAFETERO:3
20,CAFETEROS,3,3000.0,True,INSUMO,1,UNIDADES,derivado_de_excel; variantes=1; ejemplos=CAFETEROS:1
21,CAJA DE GRAPAS,17,10000.0,True,INSUMO,3,CAJA,derivado_de_excel; variantes=1; ejemplos=CAJA DE GRAPAS:3
22,CANAMO,34,12000.0,True,INSUMO,23,ROLLO,derivado_de_excel; variantes=1; ejemplos=CANAMO:23
23,CANTO 19,4,1250.0,True,INSUMO,2,METROS,derivado_de_excel; variantes=1; ejemplos=CANTO 19:2
24,CANTO 40,4,1800.0,True,INSUMO,2,METROS,derivado_de_excel; variantes=1; ejemplos=CANTO 40:2
25,CAPACITADORES,2,0.0,True,INSUMO,1,unidades,derivado_de_excel; variantes=1; ejemplos=CAPACITADORES:1
26,CARTON,3,5000.0,True,INSUMO,42,UNIDADES,derivado_de_excel; variantes=1; ejemplos=CARTON:42
27,CASQUETES,3,300.0,True,INSUMO,10,UNIDADES,derivado_de_excel; variantes=1; ejemplos=CASQUETES:10
28,CAUCHO,29,1500.0,True,INSUMO,3,UNIIDAD,derivado_de_excel; variantes=1; ejemplos=CAUCHO:3
29,CAZATA,4,56000.0,True,INSUMO,11,METROS,derivado_de_excel; variantes=1; ejemplos=CAZATA:11
30,CHAPERAS,127,90000.0,True,INSUMO,1,JUEGO DE 4,derivado_de_excel; variantes=1; ejemplos=CHAPERAS:1
31,CIERRE MAGICO,40,1000.0,True,INSUMO,4,METRO,derivado_de_excel; variantes=1; ejemplos=CIERRE MAGICO:4
32,CILINDRICAS DE 15 CM ALTO,30,18000.0,True,INSUMO,2,* UNIDADES,derivado_de_excel; variantes=1; ejemplos=CILINDRICAS DE 15 CM ALTO:2
33,CLAVILLO,14,1000.0,True,INSUMO,41,TIRA,derivado_de_excel; variantes=1; ejemplos=CLAVILLO:41
34,CLAVILLO f.20,4,5000.0,True,INSUMO,2,METROS,derivado_de_excel; variantes=1; ejemplos=CLAVILLO f.20:2
35,CLAVILLO f.40,19,2000.0,True,INSUMO,2,TIRAS,derivado_de_excel; variantes=1; ejemplos=CLAVILLO f.40:2
36,CLAVILLO f.50,19,1000.0,True,INSUMO,11,TIRAS,derivado_de_excel; variantes=1; ejemplos=CLAVILLO f.50:11
37,CLAVILLO F40,19,1000.0,True,INSUMO,1,TIRAS,derivado_de_excel; variantes=1; ejemplos=CLAVILLO F40:1
38,CLAVILLOS,14,1000.0,True,INSUMO,45,TIRA,derivado_de_excel; variantes=1; ejemplos=CLAVILLOS:45
39,CLAVILLOS F40,14,28000.0,True,INSUMO,3,TIRA,derivado_de_excel; variantes=1; ejemplos=CLAVILLOS F40:3
40,CLAVILLOS F50,14,28000.0,True,INSUMO,1,TIRA,derivado_de_excel; variantes=1; ejemplos=CLAVILLOS F50:1
41,CLAVILLOS F50 F 30,14,28000.0,True,INSUMO,1,TIRA,derivado_de_excel; variantes=1; ejemplos=CLAVILLOS F50 F 30:1
42,CLAVILLOS N F 40,14,1000.0,True,INSUMO,45,TIRA,derivado_de_excel; variantes=1; ejemplos=CLAVILLOS N F 40:45
43,COLA DE RATA,4,1570.0,True,INSUMO,10,METROS,derivado_de_excel; variantes=1; ejemplos=COLA DE RATA:10
44,COLA E RATA,34,500.0,True,INSUMO,2,ROLLO,derivado_de_excel; variantes=1; ejemplos=COLA E RATA:2
45,COLAPATO,60,35000.0,True,INSUMO,8,2X7X5+1X7X5=105,derivado_de_excel; variantes=1; ejemplos=COLAPATO:8
46,COLAPATO MADERA,57,140.0,True,INSUMO,6,187 CENTIMETROS,derivado_de_excel; variantes=1; ejemplos=COLAPATO MADERA:6
47,COLAPATOS,50,40000.0,True,INSUMO,3,PARES,derivado_de_excel; variantes=1; ejemplos=COLAPATOS:3
48,COLARATA,4,1000.0,True,INSUMO,15,METROS,derivado_de_excel; variantes=1; ejemplos=COLARATA:15
49,COLBON,1,14000.0,True,INSUMO,164,LITRO,derivado_de_excel; variantes=1; ejemplos=COLBON:164
50,COLOR,6,22000.0,True,INSUMO,73,PISTOLADA,derivado_de_excel; variantes=1; ejemplos=COLOR:73
51,COLOR ANACARADO,6,22000.0,True,INSUMO,1,PISTOLADA,derivado_de_excel; variantes=1; ejemplos=COLOR ANACARADO:1
52,COLOR BEGUEY,6,23000.0,True,INSUMO,1,PISTOLADA,derivado_de_excel; variantes=1; ejemplos=COLOR BEGUEY:1
53,COLOR BEIS O BEIGE,55,18000.0,True,INSUMO,1,* LITRO,derivado_de_excel; variantes=1; ejemplos=COLOR BEIS O BEIGE:1
54,COLOR BGRIS,13,22000.0,True,INSUMO,3,PISTOLADAS,derivado_de_excel; variantes=1; ejemplos=COLOR BGRIS:3
55,COLOR BLANCO,6,22000.0,True,INSUMO,9,PISTOLADA,derivado_de_excel; variantes=1; ejemplos=COLOR BLANCO:9
56,COLOR CON LACA,6,22000.0,True,INSUMO,2,PISTOLADA,derivado_de_excel; variantes=1; ejemplos=COLOR CON LACA:2
57,COLOR FERRO FORTE GRIS,6,22000.0,True,INSUMO,1,PISTOLADA,derivado_de_excel; variantes=1; ejemplos=COLOR FERRO FORTE GRIS:1
58,COLOR FERRO FORTE STONE,6,22000.0,True,INSUMO,1,PISTOLADA,derivado_de_excel; variantes=1; ejemplos=COLOR FERRO FORTE STONE:1
59,COLOR GRIS,6,22000.0,True,INSUMO,33,PISTOLADA,derivado_de_excel; variantes=1; ejemplos=COLOR GRIS:33
60,COLOR GRIS ALUMINIO,12,23000.0,True,INSUMO,1,galon,derivado_de_excel; variantes=1; ejemplos=COLOR GRIS ALUMINIO:1
61,COLOR GRIS HUMO,6,23000.0,True,INSUMO,2,PISTOLADA,derivado_de_excel; variantes=1; ejemplos=COLOR GRIS HUMO:2
62,COLOR MIEL,6,22000.0,True,INSUMO,2,PISTOLADA,derivado_de_excel; variantes=1; ejemplos=COLOR MIEL:2
63,COLOR NACARADO,6,23000.0,True,INSUMO,14,PISTOLADA,derivado_de_excel; variantes=1; ejemplos=COLOR NACARADO:14
64,COLOR NEGRA/BEIGE/GRIS,6,22000.0,True,INSUMO,1,PISTOLADA,derivado_de_excel; variantes=1; ejemplos=COLOR NEGRA/BEIGE/GRIS:1
65,COLOR NEGRO,6,22000.0,True,INSUMO,6,PISTOLADA,derivado_de_excel; variantes=1; ejemplos=COLOR NEGRO:6
66,COLOR NEGRO TENDIDOS,13,22000.0,True,INSUMO,5,PISTOLADAS,derivado_de_excel; variantes=1; ejemplos=COLOR NEGRO TENDIDOS:5
67,COLOR NMIEL,6,22000.0,True,INSUMO,1,PISTOLADA,derivado_de_excel; variantes=1; ejemplos=COLOR NMIEL:1
68,COLOR PARA LAS PATAS DEL TENDIDO,3,22000.0,True,INSUMO,1,UNIDADES,derivado_de_excel; variantes=1; ejemplos=COLOR PARA LAS PATAS DEL TENDIDO:1
69,COLOR TABACO,6,22000.0,True,INSUMO,5,PISTOLADA,derivado_de_excel; variantes=1; ejemplos=COLOR TABACO:5
70,CORREDERAS,2,15000.0,True,INSUMO,90,unidades,derivado_de_excel; variantes=1; ejemplos=CORREDERAS:90
71,CORREDERAS 30 NORMAL,10,20000.0,True,INSUMO,1,PAR,derivado_de_excel; variantes=1; ejemplos=CORREDERAS 30 NORMAL:1
72,CORREDERAS 35 NORMAL,10,28000.0,True,INSUMO,26,PAR,derivado_de_excel; variantes=1; ejemplos=CORREDERAS 35 NORMAL:26
73,CORREDERAS 35 PUFF,10,38999.0,True,INSUMO,5,PAR,derivado_de_excel; variantes=1; ejemplos=CORREDERAS 35 PUFF:5
74,CORREDERAS 35 PUSH,10,17750.0,True,INSUMO,2,PAR,derivado_de_excel; variantes=1; ejemplos=CORREDERAS 35 PUSH:2
75,CORREDERAS 40 NORMAL,10,12000.0,True,INSUMO,1,PAR,derivado_de_excel; variantes=1; ejemplos=CORREDERAS 40 NORMAL:1
76,CORREDERAS 40 PUFF,10,24000.0,True,INSUMO,2,PAR,derivado_de_excel; variantes=1; ejemplos=CORREDERAS 40 PUFF:2
77,CORREDERAS 45,42,30000.0,True,INSUMO,2,UNITARIO,derivado_de_excel; variantes=1; ejemplos=CORREDERAS 45:2
78,CORREDERAS 45 NORMAL,50,25000.0,True,INSUMO,1,PARES,derivado_de_excel; variantes=1; ejemplos=CORREDERAS 45 NORMAL:1
79,CORREDERAS DE,2,20000.0,True,INSUMO,1,unidades,derivado_de_excel; variantes=1; ejemplos=CORREDERAS DE:1
80,CORREDERAS DE 35,5,31000.0,True,INSUMO,1,UNIDAD,derivado_de_excel; variantes=1; ejemplos=CORREDERAS DE 35:1
81,CORREDERAS DE 40,5,22000.0,True,INSUMO,1,UNIDAD,derivado_de_excel; variantes=1; ejemplos=CORREDERAS DE 40:1
82,CORREDERAS DE NOCHERO,2,20000.0,True,INSUMO,2,unidades,derivado_de_excel; variantes=1; ejemplos=CORREDERAS DE NOCHERO:2
83,CORREDERAS DE PEINADORA,2,20000.0,True,INSUMO,1,unidades,derivado_de_excel; variantes=1; ejemplos=CORREDERAS DE PEINADORA:1
84,CORREDREAS,1,28000.0,True,INSUMO,1,LITRO,derivado_de_excel; variantes=1; ejemplos=CORREDREAS:1
85,CORTE Y NPULIDA,5,50000.0,True,INSUMO,3,UNIDAD,derivado_de_excel; variantes=1; ejemplos=CORTE Y NPULIDA:3
86,CORTE Y NPULIDA Y BISELADO ESPEJO,5,20000.0,True,INSUMO,1,UNIDAD,derivado_de_excel; variantes=1; ejemplos=CORTE Y NPULIDA Y BISELADO ESPEJO:1
87,COSTAL,4,3500.0,True,INSUMO,63,METROS,derivado_de_excel; variantes=1; ejemplos=COSTAL:63
88,DANIEL,64,73500.0,True,INSUMO,3,MANO DE OBRA,derivado_de_excel; variantes=1; ejemplos=DANIEL:3
89,EBANISTERIA,101,100000.0,True,SERVICIO,1,0.05,derivado_de_excel; variantes=1; ejemplos=EBANISTERIA:1
90,ebanisteria 200.000 x 5% de m.o,,0.0,True,SERVICIO,1,,derivado_de_excel; variantes=1; ejemplos=ebanisteria 200.000 x 5% de m.o:1
91,ebanisteria 300.000 x 10% de m.o,,0.0,True,SERVICIO,1,,derivado_de_excel; variantes=1; ejemplos=ebanisteria 300.000 x 10% de m.o:1
92,ebanisteria 300.000 x 5% de m.o,,0.0,True,SERVICIO,47,,derivado_de_excel; variantes=1; ejemplos=ebanisteria 300.000 x 5% de m.o:47
93,ebanisteria 700.000 x 5% de m.o,,0.0,True,SERVICIO,1,,derivado_de_excel; variantes=1; ejemplos=ebanisteria 700.000 x 5% de m.o:1
94,ELECTRICIDAD,10,31000.0,True,INSUMO,1,PAR,derivado_de_excel; variantes=1; ejemplos=ELECTRICIDAD:1
95,EMBALADA,2,150000.0,True,INSUMO,64,unidades,derivado_de_excel; variantes=1; ejemplos=EMBALADA:64
96,ENCHUFE,5,5000.0,True,INSUMO,2,UNIDAD,derivado_de_excel; variantes=1; ejemplos=ENCHUFE:2
97,ENCHUFLES BLANCO MACHO,3,2000.0,True,INSUMO,32,UNIDADES,derivado_de_excel; variantes=1; ejemplos=ENCHUFLES BLANCO MACHO:32
98,ENCINA,12,160000.0,True,INSUMO,50,galon,derivado_de_excel; variantes=1; ejemplos=ENCINA:50
99,EPUMA AZUL DE 11/2,3,26000.0,True,INSUMO,1,UNIDADES,derivado_de_excel; variantes=1; ejemplos=EPUMA AZUL DE 11/2:1
100,EPUMA AZUL DE 2,3,41000.0,True,INSUMO,1,UNIDADES,derivado_de_excel; variantes=1; ejemplos=EPUMA AZUL DE 2:1
101,ESMALTE NEGRO,15,13000.0,True,INSUMO,3,GALON,derivado_de_excel; variantes=1; ejemplos=ESMALTE NEGRO:3
102,ESPEJO,61,45000.0,True,INSUMO,9,50*80,derivado_de_excel; variantes=1; ejemplos=ESPEJO:9
103,ESPEJOS,40,137800.0,True,INSUMO,3,METRO,derivado_de_excel; variantes=1; ejemplos=ESPEJOS:3
104,"ESPEJOS 1,20X1,83",40,137800.0,True,INSUMO,1,METRO,"derivado_de_excel; variantes=1; ejemplos=ESPEJOS 1,20X1,83:1"
105,ESPEJOS DE CAMA,2,580000.0,True,INSUMO,2,unidades,derivado_de_excel; variantes=1; ejemplos=ESPEJOS DE CAMA:2
106,ESPEJOS DE NOCHERO,2,60000.0,True,INSUMO,1,unidades,derivado_de_excel; variantes=1; ejemplos=ESPEJOS DE NOCHERO:1
107,ESPUMA 1 1/2'' AZUL,23,1000.0,True,INSUMO,25,MTS,derivado_de_excel; variantes=1; ejemplos=ESPUMA 1 1/2'' AZUL:25
108,ESPUMA 1 BLANCA,9,9804.0,True,INSUMO,7,LAMINA,derivado_de_excel; variantes=1; ejemplos=ESPUMA 1 BLANCA:7
109,"ESPUMA 1"" ROSADA",9,25125.0,True,INSUMO,5,LAMINA,"derivado_de_excel; variantes=1; ejemplos=ESPUMA 1"" ROSADA:5"
110,ESPUMA 1' NARANJA,31,16000.0,True,INSUMO,5,CM,derivado_de_excel; variantes=1; ejemplos=ESPUMA 1' NARANJA:5
111,"ESPUMA 1,1/2 BLANCA",9,12500.0,True,INSUMO,1,LAMINA,"derivado_de_excel; variantes=1; ejemplos=ESPUMA 1,1/2 BLANCA:1"
112,ESPUMA 1/2 BLANCA,4,7300.0,True,INSUMO,6,METROS,derivado_de_excel; variantes=1; ejemplos=ESPUMA 1/2 BLANCA:6
113,ESPUMA 1/2 ROSADA,9,16500.0,True,INSUMO,14,LAMINA,derivado_de_excel; variantes=1; ejemplos=ESPUMA 1/2 ROSADA:14
114,"ESPUMA 1/2"" ROSADA",9,8000.0,True,INSUMO,2,LAMINA,"derivado_de_excel; variantes=1; ejemplos=ESPUMA 1/2"" ROSADA:2"
115,ESPUMA 2 AZUL,9,41340.0,True,INSUMO,22,LAMINA,derivado_de_excel; variantes=1; ejemplos=ESPUMA 2 AZUL:22
116,ESPUMA 2 ROSADA,9,48000.0,True,INSUMO,2,LAMINA,derivado_de_excel; variantes=1; ejemplos=ESPUMA 2 ROSADA:2
117,ESPUMA AZUL 1CM,29,18000.0,True,INSUMO,1,UNIIDAD,derivado_de_excel; variantes=1; ejemplos=ESPUMA AZUL 1CM:1
118,"ESPUMA AZUL 2""",3,39000.0,True,INSUMO,2,UNIDADES,"derivado_de_excel; variantes=1; ejemplos=ESPUMA AZUL 2"":2"
119,ESPUMA AZUL DE 1 P,30,18000.0,True,INSUMO,2,* UNIDADES,derivado_de_excel; variantes=1; ejemplos=ESPUMA AZUL DE 1 P:2
120,ESPUMA AZUL DE 1 PULGADA,4,17500.0,True,INSUMO,1,METROS,derivado_de_excel; variantes=1; ejemplos=ESPUMA AZUL DE 1 PULGADA:1
121,ESPUMA AZUL DE 1 Y 1/2 P,30,26500.0,True,INSUMO,2,* UNIDADES,derivado_de_excel; variantes=1; ejemplos=ESPUMA AZUL DE 1 Y 1/2 P:2
122,"ESPUMA AZUL DE 1,5 PULGADAS",9,17000.0,True,INSUMO,1,LAMINA,"derivado_de_excel; variantes=1; ejemplos=ESPUMA AZUL DE 1,5 PULGADAS:1"
123,ESPUMA AZUL DE 2 PULGADAS,9,41000.0,True,INSUMO,18,LAMINA,derivado_de_excel; variantes=1; ejemplos=ESPUMA AZUL DE 2 PULGADAS:18
124,"ESPUMA BLANCA 1""",9,12500.0,True,INSUMO,2,LAMINA,"derivado_de_excel; variantes=1; ejemplos=ESPUMA BLANCA 1"":2"
125,ESPUMA BLANCA DE 1',5,14500.0,True,INSUMO,7,UNIDAD,derivado_de_excel; variantes=1; ejemplos=ESPUMA BLANCA DE 1':7
126,"ESPUMA BLANCA DE 1,1/2",5,18700.0,True,INSUMO,1,UNIDAD,"derivado_de_excel; variantes=1; ejemplos=ESPUMA BLANCA DE 1,1/2:1"
127,ESPUMA BLANCA DE 1/2,5,19900.0,True,INSUMO,8,UNIDAD,derivado_de_excel; variantes=1; ejemplos=ESPUMA BLANCA DE 1/2:8
128,ESPUMA DE 1 1/2'' NARANJA,3,40000.0,True,INSUMO,1,UNIDADES,derivado_de_excel; variantes=1; ejemplos=ESPUMA DE 1 1/2'' NARANJA:1
129,ESPUMA DE 1 1/2'' ROSADA,3,30000.0,True,INSUMO,30,UNIDADES,derivado_de_excel; variantes=1; ejemplos=ESPUMA DE 1 1/2'' ROSADA:30
130,ESPUMA DE 1 1/2PULGADA AZUL,3,29500.0,True,INSUMO,4,UNIDADES,derivado_de_excel; variantes=1; ejemplos=ESPUMA DE 1 1/2PULGADA AZUL:4
131,ESPUMA DE 1 1/2PULGADA ROSADA,3,33000.0,True,INSUMO,6,UNIDADES,derivado_de_excel; variantes=1; ejemplos=ESPUMA DE 1 1/2PULGADA ROSADA:6
132,ESPUMA DE 1 PULGADA,68,18000.0,True,INSUMO,2,AZUL,derivado_de_excel; variantes=1; ejemplos=ESPUMA DE 1 PULGADA:2
133,ESPUMA DE 1 PULGADA ROSADA,3,20000.0,True,INSUMO,5,UNIDADES,derivado_de_excel; variantes=1; ejemplos=ESPUMA DE 1 PULGADA ROSADA:5
134,"ESPUMA DE 1"" 1/2 ROSADA",9,30000.0,True,INSUMO,1,LAMINA,"derivado_de_excel; variantes=1; ejemplos=ESPUMA DE 1"" 1/2 ROSADA:1"
135,"ESPUMA DE 1""1/2 ROSADA",49,30000.0,True,INSUMO,8,LAMINAS,"derivado_de_excel; variantes=1; ejemplos=ESPUMA DE 1""1/2 ROSADA:8"
136,ESPUMA DE 1. BLANCA,3,12500.0,True,INSUMO,1,UNIDADES,derivado_de_excel; variantes=1; ejemplos=ESPUMA DE 1. BLANCA:1
137,ESPUMA DE 1. BLANCA DE 1,3,20000.0,True,INSUMO,3,UNIDADES,derivado_de_excel; variantes=1; ejemplos=ESPUMA DE 1. BLANCA DE 1:3
138,ESPUMA DE 1/2 ROSADA,9,19000.0,True,INSUMO,2,LAMINA,derivado_de_excel; variantes=1; ejemplos=ESPUMA DE 1/2 ROSADA:2
139,"ESPUMA DE 1/2"" ROSADA",3,6630.0,True,INSUMO,2,UNIDADES,"derivado_de_excel; variantes=1; ejemplos=ESPUMA DE 1/2"" ROSADA:2"
140,ESPUMA DE 1/2'' ROSADA,3,20000.0,True,INSUMO,2,UNIDADES,derivado_de_excel; variantes=1; ejemplos=ESPUMA DE 1/2'' ROSADA:2
141,ESPUMA DE 2 AZUL,3,41340.0,True,INSUMO,1,UNIDADES,derivado_de_excel; variantes=1; ejemplos=ESPUMA DE 2 AZUL:1
142,ESPUMA DE 2 PULGADAS,9,48000.0,True,INSUMO,1,LAMINA,derivado_de_excel; variantes=1; ejemplos=ESPUMA DE 2 PULGADAS:1
143,ESPUMA DE 2 ROSADA,49,48000.0,True,INSUMO,1,LAMINAS,derivado_de_excel; variantes=1; ejemplos=ESPUMA DE 2 ROSADA:1
144,"ESPUMA DE 2"" ROSADA",9,48000.0,True,INSUMO,1,LAMINA,"derivado_de_excel; variantes=1; ejemplos=ESPUMA DE 2"" ROSADA:1"
145,ESPUMA DE 2'' ROSADA,3,30000.0,True,INSUMO,2,UNIDADES,derivado_de_excel; variantes=1; ejemplos=ESPUMA DE 2'' ROSADA:2
146,ESPUMA DE1. 1/5,68,26500.0,True,INSUMO,2,AZUL,derivado_de_excel; variantes=1; ejemplos=ESPUMA DE1. 1/5:2
147,ESPUMA GRIS DE 1 Y 1/2 P,30,46000.0,True,INSUMO,2,* UNIDADES,derivado_de_excel; variantes=1; ejemplos=ESPUMA GRIS DE 1 Y 1/2 P:2
148,ESPUMA NARANJA 1CM,29,18000.0,True,INSUMO,11,UNIIDAD,derivado_de_excel; variantes=1; ejemplos=ESPUMA NARANJA 1CM:11
149,ESPUMA ROSADA,5,18700.0,True,INSUMO,3,UNIDAD,derivado_de_excel; variantes=1; ejemplos=ESPUMA ROSADA:3
150,ESPUMA ROSADA 2,30,48000.0,True,INSUMO,1,* UNIDADES,derivado_de_excel; variantes=1; ejemplos=ESPUMA ROSADA 2:1
151,"ESPUMA ROSADA 2""",9,48000.0,True,INSUMO,1,LAMINA,"derivado_de_excel; variantes=1; ejemplos=ESPUMA ROSADA 2"":1"
152,ESPUMA ROSADA DE 1 1/2,30,33000.0,True,INSUMO,3,* UNIDADES,derivado_de_excel; variantes=1; ejemplos=ESPUMA ROSADA DE 1 1/2:3
153,ESPUMA ROSADA DE 2P,30,29000.0,True,INSUMO,3,* UNIDADES,derivado_de_excel; variantes=1; ejemplos=ESPUMA ROSADA DE 2P:3
154,ESTOPEROLES,4,500.0,True,INSUMO,6,METROS,derivado_de_excel; variantes=1; ejemplos=ESTOPEROLES:6
155,F40,19,1000.0,True,INSUMO,21,TIRAS,derivado_de_excel; variantes=1; ejemplos=F40:21
156,F50,19,1000.0,True,INSUMO,3,TIRAS,derivado_de_excel; variantes=1; ejemplos=F50:3
157,FABRICACION,,0.0,True,INSUMO,1,,derivado_de_excel; variantes=1; ejemplos=FABRICACION:1
158,FABRICACION *5%,,0.0,True,INSUMO,1,,derivado_de_excel; variantes=1; ejemplos=FABRICACION *5%:1
159,FABRICACION 300.000 *5%,,0.0,True,INSUMO,2,,derivado_de_excel; variantes=1; ejemplos=FABRICACION 300.000 *5%:2
160,FABRICACION 300.000 *8% EDUAR OLAYA,,0.0,True,INSUMO,2,,derivado_de_excel; variantes=1; ejemplos=FABRICACION 300.000 *8% EDUAR OLAYA:2
161,FABRICACION 3240.000 *5%,,0.0,True,INSUMO,1,,derivado_de_excel; variantes=1; ejemplos=FABRICACION 3240.000 *5%:1
162,FABRICACION 432000 *5%,,0.0,True,INSUMO,3,,derivado_de_excel; variantes=1; ejemplos=FABRICACION 432000 *5%:3
163,FABRICACION TENDIDO,39,42000.0,True,INSUMO,19,DE 2X2,derivado_de_excel; variantes=1; ejemplos=FABRICACION TENDIDO:19
164,FABRICACION x5%,,0.0,True,INSUMO,2,,derivado_de_excel; variantes=1; ejemplos=FABRICACION x5%:2
165,FIELTRO,31,4000.0,True,INSUMO,15,CM,derivado_de_excel; variantes=1; ejemplos=FIELTRO:15
166,GANCHOS,10,20000.0,True,INSUMO,61,PAR,derivado_de_excel; variantes=1; ejemplos=GANCHOS:61
167,GANCHOS CAMA,10,20000.0,True,INSUMO,1,PAR,derivado_de_excel; variantes=1; ejemplos=GANCHOS CAMA:1
168,GANCHOS PARA CAMA,10,20000.0,True,INSUMO,2,PAR,derivado_de_excel; variantes=1; ejemplos=GANCHOS PARA CAMA:2
169,GASOLINA,1,4500.0,True,INSUMO,102,LITRO,derivado_de_excel; variantes=1; ejemplos=GASOLINA:102
170,GASOS DEL 10 %,,0.0,True,INSUMO,1,,derivado_de_excel; variantes=1; ejemplos=GASOS DEL 10 %:1
171,gastos de Ebanisteria e 10%,,0.0,True,SERVICIO,64,,derivado_de_excel; variantes=1; ejemplos=gastos de Ebanisteria e 10%:64
172,gastos de Ebanisteria e 5%,,0.0,True,SERVICIO,46,,derivado_de_excel; variantes=1; ejemplos=gastos de Ebanisteria e 5%:46
173,Gastos de Ebanisteria el 10%,,0.0,True,SERVICIO,5,,derivado_de_excel; variantes=1; ejemplos=Gastos de Ebanisteria el 10%:5
174,Gastos de Pintura 10%,,0.0,True,SERVICIO,114,,derivado_de_excel; variantes=1; ejemplos=Gastos de Pintura 10%:114
175,Gastos de PINTURA el 10%,,0.0,True,SERVICIO,3,,derivado_de_excel; variantes=1; ejemplos=Gastos de PINTURA el 10%:3
176,Gastos deTapiceria el 10%,,0.0,True,SERVICIO,2,,derivado_de_excel; variantes=1; ejemplos=Gastos deTapiceria el 10%:2
177,GATO DE LA CAMA,2,155000.0,True,INSUMO,2,unidades,derivado_de_excel; variantes=1; ejemplos=GATO DE LA CAMA:2
178,GATOS,5,4500.0,True,INSUMO,1,UNIDAD,derivado_de_excel; variantes=1; ejemplos=GATOS:1
179,GAZATA,4,53000.0,True,INSUMO,4,METROS,derivado_de_excel; variantes=1; ejemplos=GAZATA:4
180,GRAPAS,8,12000.0,True,INSUMO,213,Unidad,derivado_de_excel; variantes=2; ejemplos=GRAPAS:205; grapas:8
181,GUATA,5,15000.0,True,INSUMO,5,UNIDAD,derivado_de_excel; variantes=1; ejemplos=GUATA:5
182,GUATA 300,43,18500.0,True,INSUMO,3,* METRO,derivado_de_excel; variantes=1; ejemplos=GUATA 300:3
183,GUATA PRENSADA,23,15000.0,True,INSUMO,1,MTS,derivado_de_excel; variantes=1; ejemplos=GUATA PRENSADA:1
184,HECHURA,10,157500.0,True,SERVICIO,145,PAR,derivado_de_excel; variantes=2; ejemplos=HECHURA:134; hechura:11
185,HECHURA BURRO,41,42000.0,True,SERVICIO,7,*5%,derivado_de_excel; variantes=1; ejemplos=HECHURA BURRO:7
186,HECHURA DEL TENDIDO,51,40000.0,True,SERVICIO,3,* 5%,derivado_de_excel; variantes=1; ejemplos=HECHURA DEL TENDIDO:3
187,HECHURA FABRICACION,5,63000.0,True,SERVICIO,1,UNIDAD,derivado_de_excel; variantes=1; ejemplos=HECHURA FABRICACION:1
188,HECHURA LUIS ALFONSO,10,250000.0,True,SERVICIO,1,PAR,derivado_de_excel; variantes=1; ejemplos=HECHURA LUIS ALFONSO:1
189,HECHURA LUIS ANTONIO,10,250000.0,True,SERVICIO,1,PAR,derivado_de_excel; variantes=1; ejemplos=HECHURA LUIS ANTONIO:1
190,HECHURA TAPICERIA,,0.0,True,SERVICIO,1,,derivado_de_excel; variantes=1; ejemplos=HECHURA TAPICERIA:1
191,HECHURA TENDIDO,41,53250.0,True,SERVICIO,8,*5%,derivado_de_excel; variantes=1; ejemplos=HECHURA TENDIDO:8
192,HERRAJE DE CAMA,10,160000.0,True,INSUMO,1,PAR,derivado_de_excel; variantes=1; ejemplos=HERRAJE DE CAMA:1
193,HERRAJE PARA CAMA,10,160000.0,True,INSUMO,1,PAR,derivado_de_excel; variantes=1; ejemplos=HERRAJE PARA CAMA:1
194,HERRAJES DE CAMA,10,160000.0,True,INSUMO,31,PAR,derivado_de_excel; variantes=1; ejemplos=HERRAJES DE CAMA:31
195,HILO,5,25000.0,True,INSUMO,63,UNIDAD,derivado_de_excel; variantes=1; ejemplos=HILO:63
196,INDUPLAX,8,160000.0,True,INSUMO,20,Unidad,derivado_de_excel; variantes=1; ejemplos=INDUPLAX:20
197,INTERRUPTORES,2,2000.0,True,INSUMO,1,unidades,derivado_de_excel; variantes=1; ejemplos=INTERRUPTORES:1
198,JALADORES,5,26800.0,True,INSUMO,33,UNIDAD,derivado_de_excel; variantes=1; ejemplos=JALADORES:33
199,kerosen,20,18000.0,True,INSUMO,51,litro,derivado_de_excel; variantes=1; ejemplos=kerosen:51
200,LACA,6,23000.0,True,INSUMO,59,PISTOLADA,derivado_de_excel; variantes=1; ejemplos=LACA:59
201,LACA BRILLANTE,6,23000.0,True,INSUMO,27,PISTOLADA,derivado_de_excel; variantes=1; ejemplos=LACA BRILLANTE:27
202,LACA BRILLANTE CON ESCARCHA,6,22500.0,True,INSUMO,2,PISTOLADA,derivado_de_excel; variantes=1; ejemplos=LACA BRILLANTE CON ESCARCHA:2
203,LACA S/M,6,23000.0,True,INSUMO,28,PISTOLADA,derivado_de_excel; variantes=1; ejemplos=LACA S/M:28
204,LACA SEMI MATE,55,24000.0,True,INSUMO,3,* LITRO,derivado_de_excel; variantes=1; ejemplos=LACA SEMI MATE:3
205,LACA SEMIMATE,15,23000.0,True,INSUMO,51,GALON,derivado_de_excel; variantes=2; ejemplos=LACA SEMIMATE:32; laca semimate:19
206,LACA SM,6,23000.0,True,INSUMO,2,PISTOLADA,derivado_de_excel; variantes=1; ejemplos=LACA SM:2
207,LAM MDF 15,36,217.0,True,INSUMO,34,"1 PEDASO DE 1.25 X55=68,75",derivado_de_excel; variantes=1; ejemplos=LAM MDF 15:34
208,"LAM MDF 15""",9,134635.0,True,INSUMO,2,LAMINA,"derivado_de_excel; variantes=1; ejemplos=LAM MDF 15"":2"
209,"LAM MDF 2,7",113,68000.0,True,INSUMO,1,"1 PEDAZO DE 2,7X 1,83","derivado_de_excel; variantes=1; ejemplos=LAM MDF 2,7:1"
210,"LAM MDF 2,7""",9,68000.0,True,INSUMO,1,LAMINA,"derivado_de_excel; variantes=1; ejemplos=LAM MDF 2,7"":1"
211,LAM MDF 2.5,9,65000.0,True,INSUMO,2,LAMINA,derivado_de_excel; variantes=1; ejemplos=LAM MDF 2.5:2
212,LAM MDF 2.7,9,65000.0,True,INSUMO,9,LAMINA,derivado_de_excel; variantes=1; ejemplos=LAM MDF 2.7:9
213,"LAM MDF 3,2.7",8,65000.0,True,INSUMO,1,Unidad,"derivado_de_excel; variantes=1; ejemplos=LAM MDF 3,2.7:1"
214,LAM MDF 5,35,130000.0,True,INSUMO,22,1 PEDASO DE 1.50X40=60,derivado_de_excel; variantes=1; ejemplos=LAM MDF 5:22
215,"LAM MDF 5,5""",9,130000.0,True,INSUMO,7,LAMINA,"derivado_de_excel; variantes=1; ejemplos=LAM MDF 5,5"":7"
216,LAM MDF 7,24,130.0,True,INSUMO,13,"1 PEDASO DE 1,50X40=60",derivado_de_excel; variantes=1; ejemplos=LAM MDF 7:13
217,LAM MDF 9,24,140.0,True,INSUMO,35,"1 PEDASO DE 1,50X40=60",derivado_de_excel; variantes=1; ejemplos=LAM MDF 9:35
218,"LAM MFF 9""",9,140000.0,True,INSUMO,10,LAMINA,"derivado_de_excel; variantes=1; ejemplos=LAM MFF 9"":10"
219,LAMINA DE,9,130000.0,True,INSUMO,2,LAMINA,derivado_de_excel; variantes=1; ejemplos=LAMINA DE:2
220,LAMINA DE 12,9,175000.0,True,INSUMO,1,LAMINA,derivado_de_excel; variantes=1; ejemplos=LAMINA DE 12:1
221,LAMINA DE 15,9,220000.0,True,INSUMO,25,LAMINA,derivado_de_excel; variantes=1; ejemplos=LAMINA DE 15:25
222,"LAMINA DE 15""",9,220000.0,True,INSUMO,1,LAMINA,"derivado_de_excel; variantes=1; ejemplos=LAMINA DE 15"":1"
223,"LAMINA DE 2,7",9,68000.0,True,INSUMO,1,LAMINA,"derivado_de_excel; variantes=1; ejemplos=LAMINA DE 2,7:1"
224,"LAMINA DE 2,7""",9,15229.0,True,INSUMO,1,LAMINA,"derivado_de_excel; variantes=1; ejemplos=LAMINA DE 2,7"":1"
225,lamina de 2.5 mdf,9,65000.0,True,INSUMO,5,LAMINA,derivado_de_excel; variantes=1; ejemplos=lamina de 2.5 mdf:5
226,"LAMINA DE 2.5""",9,65000.0,True,INSUMO,1,LAMINA,"derivado_de_excel; variantes=1; ejemplos=LAMINA DE 2.5"":1"
227,"LAMINA DE 5,5",8,130000.0,True,INSUMO,1,Unidad,"derivado_de_excel; variantes=1; ejemplos=LAMINA DE 5,5:1"
228,"LAMINA DE 5,5""",9,79557.0,True,INSUMO,2,LAMINA,"derivado_de_excel; variantes=1; ejemplos=LAMINA DE 5,5"":2"
229,LAMINA DE 5.5,9,130000.0,True,INSUMO,11,LAMINA,derivado_de_excel; variantes=1; ejemplos=LAMINA DE 5.5:11
230,"LAMINA DE 5.5""",9,140000.0,True,INSUMO,1,LAMINA,"derivado_de_excel; variantes=1; ejemplos=LAMINA DE 5.5"":1"
231,LAMINA DE 6,9,218000.0,True,INSUMO,2,LAMINA,derivado_de_excel; variantes=1; ejemplos=LAMINA DE 6:2
232,LAMINA DE 9,8,140000.0,True,INSUMO,25,Unidad,derivado_de_excel; variantes=1; ejemplos=LAMINA DE 9:25
233,lamina de 9 mdf,2,136000.0,True,INSUMO,3,unidades,derivado_de_excel; variantes=1; ejemplos=lamina de 9 mdf:3
234,"LAMINA DE 9""",9,86000.0,True,INSUMO,4,LAMINA,"derivado_de_excel; variantes=1; ejemplos=LAMINA DE 9"":4"
235,lamina de 9mdf,9,140000.0,True,INSUMO,3,LAMINA,derivado_de_excel; variantes=1; ejemplos=lamina de 9mdf:3
236,LAMINA PVC,76,100000.0,True,INSUMO,2,1 PEDAZO 90X120,derivado_de_excel; variantes=1; ejemplos=LAMINA PVC:2
237,LAMPARAS DE LUZ,3,100000.0,True,INSUMO,32,UNIDADES,derivado_de_excel; variantes=1; ejemplos=LAMPARAS DE LUZ:32
238,LATA DE CIERRE,10,2500.0,True,INSUMO,2,PAR,derivado_de_excel; variantes=1; ejemplos=LATA DE CIERRE:2
239,LENCILLO,4,2650.0,True,INSUMO,36,METROS,derivado_de_excel; variantes=1; ejemplos=LENCILLO:36
240,LENCILLOO,4,3000.0,True,INSUMO,1,METROS,derivado_de_excel; variantes=1; ejemplos=LENCILLOO:1
241,LIENCILLO,4,4000.0,True,INSUMO,8,METROS,derivado_de_excel; variantes=1; ejemplos=LIENCILLO:8
242,LIJA,11,2000.0,True,INSUMO,14,unidad,derivado_de_excel; variantes=1; ejemplos=LIJA:14
243,LIJA # 120,3,20000.0,True,INSUMO,1,UNIDADES,derivado_de_excel; variantes=1; ejemplos=LIJA # 120:1
244,LIJA # 220,3,2000.0,True,INSUMO,1,UNIDADES,derivado_de_excel; variantes=1; ejemplos=LIJA # 220:1
245,lija 120,11,2000.0,True,INSUMO,50,unidad,derivado_de_excel; variantes=2; ejemplos=lija 120:36; LIJA 120:14
246,lija 150,11,2000.0,True,INSUMO,24,unidad,derivado_de_excel; variantes=2; ejemplos=lija 150:16; LIJA 150:8
247,lija 1650,11,2000.0,True,INSUMO,1,unidad,derivado_de_excel; variantes=1; ejemplos=lija 1650:1
248,LIJA 2000,5,2000.0,True,INSUMO,10,UNIDAD,derivado_de_excel; variantes=1; ejemplos=LIJA 2000:10
249,lija 220,11,2000.0,True,INSUMO,28,unidad,derivado_de_excel; variantes=1; ejemplos=lija 220:28
250,lija 240,11,2000.0,True,INSUMO,28,unidad,derivado_de_excel; variantes=1; ejemplos=lija 240:28
251,LIJA 400,2,2000.0,True,INSUMO,110,unidades,derivado_de_excel; variantes=1; ejemplos=LIJA 400:110
252,LUS LET,2,9000.0,True,INSUMO,1,unidades,derivado_de_excel; variantes=1; ejemplos=LUS LET:1
253,LUZ LET,5,9000.0,True,INSUMO,2,UNIDAD,derivado_de_excel; variantes=1; ejemplos=LUZ LET:2
254,MADERA,27,140.0,True,INSUMO,45,CMS,derivado_de_excel; variantes=1; ejemplos=MADERA:45
255,MADERA (2),16,140.0,True,INSUMO,60,APAMATE,derivado_de_excel; variantes=1; ejemplos=MADERA (2):60
256,"MADERA 2*12*12 / 1,50*26*9",16,140.0,True,INSUMO,1,APAMATE,"derivado_de_excel; variantes=1; ejemplos=MADERA 2*12*12 / 1,50*26*9:1"
257,MADERA 60X1X4,16,140.0,True,INSUMO,49,APAMATE,derivado_de_excel; variantes=1; ejemplos=MADERA 60X1X4:49
258,MANIJAS,5,10000.0,True,INSUMO,8,UNIDAD,derivado_de_excel; variantes=1; ejemplos=MANIJAS:8
259,MANILLAS,5,10000.0,True,INSUMO,1,UNIDAD,derivado_de_excel; variantes=1; ejemplos=MANILLAS:1
260,MANO DE OBRA 100.000 *5%,,0.0,True,INSUMO,1,,derivado_de_excel; variantes=1; ejemplos=MANO DE OBRA 100.000 *5%:1
261,MANO DE OBRA DE JOTA,3,15750.0,True,INSUMO,1,UNIDADES,derivado_de_excel; variantes=1; ejemplos=MANO DE OBRA DE JOTA:1
262,MANO DE OBRA OLAYA,,0.0,True,INSUMO,1,,derivado_de_excel; variantes=1; ejemplos=MANO DE OBRA OLAYA:1
263,MDF 12,9,175000.0,True,INSUMO,1,LAMINA,derivado_de_excel; variantes=1; ejemplos=MDF 12:1
264,MDF 15,9,207000.0,True,INSUMO,4,LAMINA,derivado_de_excel; variantes=1; ejemplos=MDF 15:4
265,"MDF 2,7",9,68000.0,True,INSUMO,5,LAMINA,"derivado_de_excel; variantes=1; ejemplos=MDF 2,7:5"
266,MDF DE 15,9,330000.0,True,INSUMO,5,LAMINA,derivado_de_excel; variantes=1; ejemplos=MDF DE 15:5
267,"MDF DE 15""",9,220000.0,True,INSUMO,1,LAMINA,"derivado_de_excel; variantes=1; ejemplos=MDF DE 15"":1"
268,"MDF DE 2,5""",9,65000.0,True,INSUMO,1,LAMINA,"derivado_de_excel; variantes=1; ejemplos=MDF DE 2,5"":1"
269,"MDF DE 2,7",32,65000.0,True,INSUMO,42,1 PEDAZO DE 1.00X46=46,"derivado_de_excel; variantes=1; ejemplos=MDF DE 2,7:42"
270,"MDF DE 2,7""",9,68000.0,True,INSUMO,3,LAMINA,"derivado_de_excel; variantes=1; ejemplos=MDF DE 2,7"":3"
271,MDF DE 2.7,9,65000.0,True,INSUMO,5,LAMINA,derivado_de_excel; variantes=1; ejemplos=MDF DE 2.7:5
272,MDF DE 3,37,67.0,True,INSUMO,32,"1 PEDAZO DE 1,20X45=54",derivado_de_excel; variantes=1; ejemplos=MDF DE 3:32
273,MDF DE 6.5,85,65000.0,True,INSUMO,1,MDF,derivado_de_excel; variantes=1; ejemplos=MDF DE 6.5:1
274,MDF DE 9,9,140000.0,True,INSUMO,58,LAMINA,derivado_de_excel; variantes=1; ejemplos=MDF DE 9:58
275,MDF DE 9MM,88,46000.0,True,INSUMO,2,RETAL,derivado_de_excel; variantes=1; ejemplos=MDF DE 9MM:2
276,MELAMINA,8,213000.0,True,INSUMO,1,Unidad,derivado_de_excel; variantes=1; ejemplos=MELAMINA:1
277,MELAMINA DE 15 VIENES,75,246000.0,True,INSUMO,4,1 PEDAZO 50X45=2250,derivado_de_excel; variantes=1; ejemplos=MELAMINA DE 15 VIENES:4
278,MELAMINA MACULA 15,5,336000.0,True,INSUMO,1,UNIDAD,derivado_de_excel; variantes=1; ejemplos=MELAMINA MACULA 15:1
279,MELAMINA MACULA 6,8,213000.0,True,INSUMO,1,Unidad,derivado_de_excel; variantes=1; ejemplos=MELAMINA MACULA 6:1
280,MELAMINA VIENES 15,5,246000.0,True,INSUMO,1,UNIDAD,derivado_de_excel; variantes=1; ejemplos=MELAMINA VIENES 15:1
281,METROS DE TAPA CANTO,123,1385.0,True,INSUMO,2,DE 19,derivado_de_excel; variantes=1; ejemplos=METROS DE TAPA CANTO:2
282,MULTIUSO,10,6000.0,True,INSUMO,12,PAR,derivado_de_excel; variantes=1; ejemplos=MULTIUSO:12
283,MULTIUSOS,3,3000.0,True,INSUMO,35,UNIDADES,derivado_de_excel; variantes=1; ejemplos=MULTIUSOS:35
284,NEGRO MESCLA,,100000.0,True,INSUMO,1,,derivado_de_excel; variantes=1; ejemplos=NEGRO MESCLA:1
285,NITRO,12,70000.0,True,INSUMO,92,galon,derivado_de_excel; variantes=1; ejemplos=NITRO:92
286,NOCHEROS,70,250000.0,True,INSUMO,2,LUIS ALFONSO,derivado_de_excel; variantes=1; ejemplos=NOCHEROS:2
287,o,23,1000.0,True,INSUMO,1,MTS,derivado_de_excel; variantes=1; ejemplos=o:1
288,PARES DE GANCHOS,130,3000.0,True,INSUMO,1,MULTIUSOS,derivado_de_excel; variantes=1; ejemplos=PARES DE GANCHOS:1
289,PARES DE GANCHOS MULTIUSO,8,3000.0,True,INSUMO,2,Unidad,derivado_de_excel; variantes=1; ejemplos=PARES DE GANCHOS MULTIUSO:2
290,PASADA DE LAMINA,9,30000.0,True,INSUMO,4,LAMINA,derivado_de_excel; variantes=1; ejemplos=PASADA DE LAMINA:4
291,PATAS,87,5000.0,True,INSUMO,3,PATAS,derivado_de_excel; variantes=1; ejemplos=PATAS:3
292,PATAS CILINDRO,5,16000.0,True,INSUMO,1,UNIDAD,derivado_de_excel; variantes=1; ejemplos=PATAS CILINDRO:1
293,PATAS DE CAMAS,2,14250.0,True,INSUMO,12,unidades,derivado_de_excel; variantes=1; ejemplos=PATAS DE CAMAS:12
294,PATAS DE CAMAS Y NOCHEROS,2,9000.0,True,INSUMO,2,unidades,derivado_de_excel; variantes=1; ejemplos=PATAS DE CAMAS Y NOCHEROS:2
295,PATAS DE NOCHEROS,3,8000.0,True,INSUMO,2,UNIDADES,derivado_de_excel; variantes=1; ejemplos=PATAS DE NOCHEROS:2
296,PATAS DE TENDIDOS,14,2100.0,True,INSUMO,4,TIRA,derivado_de_excel; variantes=1; ejemplos=PATAS DE TENDIDOS:4
297,PATAS GX,5,8300.0,True,INSUMO,1,UNIDAD,derivado_de_excel; variantes=1; ejemplos=PATAS GX:1
298,PATAS L PLATEADAS,3,8000.0,True,INSUMO,13,UNIDADES,derivado_de_excel; variantes=1; ejemplos=PATAS L PLATEADAS:13
299,PATAS METALICAS,3,6000.0,True,INSUMO,2,UNIDADES,derivado_de_excel; variantes=1; ejemplos=PATAS METALICAS:2
300,PATAS NEGRAS,3,16000.0,True,INSUMO,1,UNIDADES,derivado_de_excel; variantes=1; ejemplos=PATAS NEGRAS:1
301,PEGANTE DE PISTOLA,6,43000.0,True,INSUMO,12,PISTOLADA,derivado_de_excel; variantes=1; ejemplos=PEGANTE DE PISTOLA:12
302,PEGANTE EPRAY,34,19000.0,True,INSUMO,1,ROLLO,derivado_de_excel; variantes=1; ejemplos=PEGANTE EPRAY:1
303,PEGANTE SPRAY,1,19000.0,True,INSUMO,1,LITRO,derivado_de_excel; variantes=1; ejemplos=PEGANTE SPRAY:1
304,PEOPE,4,3500.0,True,INSUMO,34,METROS,derivado_de_excel; variantes=1; ejemplos=PEOPE:34
305,PEOPE METROS,,3500.0,True,INSUMO,4,,derivado_de_excel; variantes=1; ejemplos=PEOPE METROS:4
306,PEOPLE,4,4000.0,True,INSUMO,8,METROS,derivado_de_excel; variantes=1; ejemplos=PEOPLE:8
307,PICADILLO,62,15000.0,True,INSUMO,5,KILO,derivado_de_excel; variantes=1; ejemplos=PICADILLO:5
308,PINTURA,7,36750.0,True,SERVICIO,14,CON EL 5%,derivado_de_excel; variantes=1; ejemplos=PINTURA:14
309,PINTURA ( ALEX),51,2800.0,True,SERVICIO,3,* 5%,derivado_de_excel; variantes=1; ejemplos=PINTURA ( ALEX):3
310,PINTURA ALEX,7,36750.0,True,SERVICIO,104,CON EL 5%,derivado_de_excel; variantes=1; ejemplos=PINTURA ALEX:104
311,PINTURA BURRO,7,12600.0,True,SERVICIO,7,CON EL 5%,derivado_de_excel; variantes=1; ejemplos=PINTURA BURRO:7
312,PINTURA CABECERO,7,21000.0,True,SERVICIO,1,CON EL 5%,derivado_de_excel; variantes=1; ejemplos=PINTURA CABECERO:1
313,PINTURA CAMA,7,26250.0,True,SERVICIO,8,CON EL 5%,derivado_de_excel; variantes=1; ejemplos=PINTURA CAMA:8
314,PINTURA DE PATAS ALEX,56,2100.0,True,SERVICIO,43,16.0,derivado_de_excel; variantes=1; ejemplos=PINTURA DE PATAS ALEX:43
315,PINTURA DE TENDIDO,3,1050.0,True,SERVICIO,1,UNIDADES,derivado_de_excel; variantes=1; ejemplos=PINTURA DE TENDIDO:1
316,PINTURA DE TENDIDOS,7,6300.0,True,SERVICIO,2,CON EL 5%,derivado_de_excel; variantes=1; ejemplos=PINTURA DE TENDIDOS:2
317,PINTURA PATAS,7,2100.0,True,SERVICIO,1,CON EL 5%,derivado_de_excel; variantes=1; ejemplos=PINTURA PATAS:1
318,PINTURA TENDIDOS,7,6300.0,True,SERVICIO,3,CON EL 5%,derivado_de_excel; variantes=1; ejemplos=PINTURA TENDIDOS:3
319,PINTUTRA DE CAMA,,0.0,True,INSUMO,1,,derivado_de_excel; variantes=1; ejemplos=PINTUTRA DE CAMA:1
320,PL SUPER,1,17000.0,True,INSUMO,2,LITRO,derivado_de_excel; variantes=1; ejemplos=PL SUPER:2
321,pop,97,3000.0,True,INSUMO,3,metros,derivado_de_excel; variantes=2; ejemplos=pop:2; POP:1
322,postura,52,10500.0,True,INSUMO,11,PEOPLE,derivado_de_excel; variantes=1; ejemplos=postura:11
323,POSTURA DE ESPEJO,2,2000.0,True,INSUMO,1,unidades,derivado_de_excel; variantes=1; ejemplos=POSTURA DE ESPEJO:1
324,POSTURA DE LA LUZ 1,2,30000.0,True,INSUMO,2,unidades,derivado_de_excel; variantes=1; ejemplos=POSTURA DE LA LUZ 1:2
325,POSTURA DE LUZ,2,27000.0,True,INSUMO,1,unidades,derivado_de_excel; variantes=1; ejemplos=POSTURA DE LUZ:1
326,PREPARADA(JOTA) PINTURA,51,4000.0,True,SERVICIO,3,* 5%,derivado_de_excel; variantes=1; ejemplos=PREPARADA(JOTA) PINTURA:3
327,PREPARADO,7,36750.0,True,SERVICIO,13,CON EL 5%,derivado_de_excel; variantes=1; ejemplos=PREPARADO:13
328,PREPARADO BURRO,7,9450.0,True,SERVICIO,7,CON EL 5%,derivado_de_excel; variantes=1; ejemplos=PREPARADO BURRO:7
329,PREPARADO CABECERO,7,31500.0,True,SERVICIO,1,CON EL 5%,derivado_de_excel; variantes=1; ejemplos=PREPARADO CABECERO:1
330,PREPARADO CAMA,7,34125.0,True,SERVICIO,8,CON EL 5%,derivado_de_excel; variantes=1; ejemplos=PREPARADO CAMA:8
331,PREPARADO JOTA,7,36750.0,True,SERVICIO,104,CON EL 5%,derivado_de_excel; variantes=1; ejemplos=PREPARADO JOTA:104
332,PREPARADO PATAS,7,1050.0,True,SERVICIO,1,CON EL 5%,derivado_de_excel; variantes=1; ejemplos=PREPARADO PATAS:1
333,PREPARRACION,5,31500.0,True,INSUMO,1,UNIDAD,derivado_de_excel; variantes=1; ejemplos=PREPARRACION:1
334,PU,3,30000.0,True,INSUMO,2,UNIDADES,derivado_de_excel; variantes=1; ejemplos=PU:2
335,PUNTOS DE HISTALACION,126,23625.0,True,INSUMO,2,JOTA LAMPARAS,derivado_de_excel; variantes=1; ejemplos=PUNTOS DE HISTALACION:2
336,PVC,93,50000.0,True,INSUMO,2,"TIRASDE 51X1,21",derivado_de_excel; variantes=1; ejemplos=PVC:2
337,REGLETA,2,10000.0,True,INSUMO,2,unidades,derivado_de_excel; variantes=1; ejemplos=REGLETA:2
338,REGLETA ANCHA,5,20000.0,True,INSUMO,19,UNIDAD,derivado_de_excel; variantes=1; ejemplos=REGLETA ANCHA:19
339,REGLETA DELGADA,5,20000.0,True,INSUMO,22,UNIDAD,derivado_de_excel; variantes=1; ejemplos=REGLETA DELGADA:22
340,RELLENO,47,14000.0,True,INSUMO,4,KG,derivado_de_excel; variantes=1; ejemplos=RELLENO:4
341,RESANE,1,20000.0,True,INSUMO,125,LITRO,derivado_de_excel; variantes=1; ejemplos=RESANE:125
342,RIATA,4,3000.0,True,INSUMO,8,METROS,derivado_de_excel; variantes=1; ejemplos=RIATA:8
343,ROLLO DE LUZ LED,34,45000.0,True,INSUMO,1,ROLLO,derivado_de_excel; variantes=1; ejemplos=ROLLO DE LUZ LED:1
344,SAMBLASTE,122,26800.0,True,INSUMO,1,DANIEL,derivado_de_excel; variantes=1; ejemplos=SAMBLASTE:1
345,SAMBLASTIADA DEL ESPEJO,2,250000.0,True,INSUMO,3,unidades,derivado_de_excel; variantes=1; ejemplos=SAMBLASTIADA DEL ESPEJO:3
346,SECCION COLA DE PATO,,0.0,True,INSUMO,1,,derivado_de_excel; variantes=1; ejemplos=SECCION COLA DE PATO:1
347,SECCION EBANISTERIA,,0.0,True,SERVICIO,1,,derivado_de_excel; variantes=1; ejemplos=SECCION EBANISTERIA:1
348,SECCION PINTURA,,0.0,True,SERVICIO,18,,derivado_de_excel; variantes=1; ejemplos=SECCION PINTURA:18
349,SECCION PINTURA Y PREPARADA,,0.0,True,SERVICIO,107,,derivado_de_excel; variantes=1; ejemplos=SECCION PINTURA Y PREPARADA:107
350,SECCION TAPICERIA,28,840000.0,True,SERVICIO,31,MANO DE OBRA=,derivado_de_excel; variantes=1; ejemplos=SECCION TAPICERIA:31
351,SECCION TAPICERIA CARLOS,28,0.0,True,SERVICIO,4,MANO DE OBRA=,derivado_de_excel; variantes=1; ejemplos=SECCION TAPICERIA CARLOS:4
352,SECCION TENDIDO,,0.0,True,INSUMO,47,,derivado_de_excel; variantes=1; ejemplos=SECCION TENDIDO:47
353,SECCION TENDIDO DE PATAS,,0.0,True,INSUMO,1,,derivado_de_excel; variantes=1; ejemplos=SECCION TENDIDO DE PATAS:1
354,SECCION TENDIDO DE REJAS,,0.0,True,INSUMO,4,,derivado_de_excel; variantes=1; ejemplos=SECCION TENDIDO DE REJAS:4
355,SECCION TENDIDO PATAS,,0.0,True,INSUMO,1,,derivado_de_excel; variantes=1; ejemplos=SECCION TENDIDO PATAS:1
356,SELLADOR,13,18000.0,True,INSUMO,129,PISTOLADAS,derivado_de_excel; variantes=1; ejemplos=SELLADOR:129
357,SERVICIO,8,80000.0,True,INSUMO,1,Unidad,derivado_de_excel; variantes=1; ejemplos=SERVICIO:1
358,SISTEMA ELECTRICO,64,73500.0,True,INSUMO,1,MANO DE OBRA,derivado_de_excel; variantes=1; ejemplos=SISTEMA ELECTRICO:1
359,SUPER,1,19000.0,True,INSUMO,88,LITRO,derivado_de_excel; variantes=1; ejemplos=SUPER:88
360,SUPER NORMAL,1,17000.0,True,INSUMO,1,LITRO,derivado_de_excel; variantes=1; ejemplos=SUPER NORMAL:1
361,SUPER PARA PISTOLADA,6,19000.0,True,INSUMO,1,PISTOLADA,derivado_de_excel; variantes=1; ejemplos=SUPER PARA PISTOLADA:1
362,SUPER SPRAY,1,19000.0,True,INSUMO,4,LITRO,derivado_de_excel; variantes=1; ejemplos=SUPER SPRAY:4
363,TABLA,65,31500.0,True,INSUMO,21,"2,50*20*2,5",derivado_de_excel; variantes=1; ejemplos=TABLA:21
364,"TABLA DE 30X30X2,5",,50000.0,True,INSUMO,1,,"derivado_de_excel; variantes=1; ejemplos=TABLA DE 30X30X2,5:1"
365,TABLA DE PINO,69,50000.0,True,INSUMO,3,3*31*25,derivado_de_excel; variantes=1; ejemplos=TABLA DE PINO:3
366,TABLAS,2,21000.0,True,INSUMO,3,unidades,derivado_de_excel; variantes=1; ejemplos=TABLAS:3
367,"tablas de 1,00 de 10*2",135,8000.0,True,INSUMO,1,tablas,"derivado_de_excel; variantes=1; ejemplos=tablas de 1,00 de 10*2:1"
368,TALCO,11,2500.0,True,INSUMO,50,unidad,derivado_de_excel; variantes=1; ejemplos=TALCO:50
369,TEL PRANNA NEGRA,4,35000.0,True,INSUMO,1,METROS,derivado_de_excel; variantes=1; ejemplos=TEL PRANNA NEGRA:1
370,TELA,4,34000.0,True,INSUMO,24,METROS,derivado_de_excel; variantes=1; ejemplos=TELA:24
371,TELA ASIA GTI CREMA,4,17550.0,True,INSUMO,1,METROS,derivado_de_excel; variantes=1; ejemplos=TELA ASIA GTI CREMA:1
372,TELA AZULA GRAFO DIVERSA/(BRUN,4,24600.0,True,INSUMO,1,METROS,derivado_de_excel; variantes=1; ejemplos=TELA AZULA GRAFO DIVERSA/(BRUN:1
373,TELA BAKU TRIGO,4,32500.0,True,INSUMO,1,METROS,derivado_de_excel; variantes=1; ejemplos=TELA BAKU TRIGO:1
374,TELA BRUNA,4,32000.0,True,INSUMO,1,METROS,derivado_de_excel; variantes=1; ejemplos=TELA BRUNA:1
375,TELA BRUNA BEIGE,4,30000.0,True,INSUMO,1,METROS,derivado_de_excel; variantes=1; ejemplos=TELA BRUNA BEIGE:1
376,TELA CABA PLATA,4,18000.0,True,INSUMO,1,METROS,derivado_de_excel; variantes=1; ejemplos=TELA CABA PLATA:1
377,TELA CENTURY OATMEAL,4,35000.0,True,INSUMO,1,METROS,derivado_de_excel; variantes=1; ejemplos=TELA CENTURY OATMEAL:1
378,TELA CHICAGO,4,20000.0,True,INSUMO,2,METROS,derivado_de_excel; variantes=1; ejemplos=TELA CHICAGO:2
379,TELA DILAN 10 GRIS,4,25000.0,True,INSUMO,1,METROS,derivado_de_excel; variantes=1; ejemplos=TELA DILAN 10 GRIS:1
380,TELA DIVERSA,4,14500.0,True,INSUMO,2,METROS,derivado_de_excel; variantes=1; ejemplos=TELA DIVERSA:2
381,TELA DIVERSA BEIS,4,35000.0,True,INSUMO,8,METROS,derivado_de_excel; variantes=1; ejemplos=TELA DIVERSA BEIS:8
382,TELA DYLAN SAND,4,25650.0,True,INSUMO,1,METROS,derivado_de_excel; variantes=1; ejemplos=TELA DYLAN SAND:1
383,TELA ESTALIN BLANCA,4,31000.0,True,INSUMO,1,METROS,derivado_de_excel; variantes=1; ejemplos=TELA ESTALIN BLANCA:1
384,TELA ESTALIN NEGRA,4,28900.0,True,INSUMO,1,METROS,derivado_de_excel; variantes=1; ejemplos=TELA ESTALIN NEGRA:1
385,TELA ESTARLIN,4,31000.0,True,INSUMO,1,METROS,derivado_de_excel; variantes=1; ejemplos=TELA ESTARLIN:1
386,TELA FERRO FORTE GRIS,4,25000.0,True,INSUMO,2,METROS,derivado_de_excel; variantes=1; ejemplos=TELA FERRO FORTE GRIS:2
387,TELA FERRO FORTE STONE,4,25000.0,True,INSUMO,2,METROS,derivado_de_excel; variantes=1; ejemplos=TELA FERRO FORTE STONE:2
388,TELA FOCUS HIELO,4,33500.0,True,INSUMO,2,METROS,derivado_de_excel; variantes=1; ejemplos=TELA FOCUS HIELO:2
389,TELA GRIS SIN NOMBRE,4,0.0,True,INSUMO,1,METROS,derivado_de_excel; variantes=1; ejemplos=TELA GRIS SIN NOMBRE:1
390,TELA JOY NEGRO,4,12500.0,True,INSUMO,3,METROS,derivado_de_excel; variantes=1; ejemplos=TELA JOY NEGRO:3
391,TELA LIN PLATA,4,39000.0,True,INSUMO,1,METROS,derivado_de_excel; variantes=1; ejemplos=TELA LIN PLATA:1
392,TELA PRANA NEGRA/PLATA/CAMEL/GRIS,4,35000.0,True,INSUMO,1,METROS,derivado_de_excel; variantes=1; ejemplos=TELA PRANA NEGRA/PLATA/CAMEL/GRIS:1
393,TELA PRANNA,4,34000.0,True,INSUMO,1,METROS,derivado_de_excel; variantes=1; ejemplos=TELA PRANNA:1
394,TELA PRANNA GRIS MEDIO,4,32999.0,True,INSUMO,1,METROS,derivado_de_excel; variantes=1; ejemplos=TELA PRANNA GRIS MEDIO:1
395,TELA PRANNA NEGRA,4,34899.0,True,INSUMO,1,METROS,derivado_de_excel; variantes=1; ejemplos=TELA PRANNA NEGRA:1
396,TELA VARAD Y CORAL,4,39060.0,True,INSUMO,1,METROS,derivado_de_excel; variantes=1; ejemplos=TELA VARAD Y CORAL:1
397,TELA VELEZ BEIS,4,29000.0,True,INSUMO,1,METROS,derivado_de_excel; variantes=1; ejemplos=TELA VELEZ BEIS:1
398,TELA VELEZ CAFE,4,30000.0,True,INSUMO,1,METROS,derivado_de_excel; variantes=1; ejemplos=TELA VELEZ CAFE:1
399,TENDIDO,39,63000.0,True,INSUMO,1,DE 2X2,derivado_de_excel; variantes=1; ejemplos=TENDIDO:1
400,TERMICOINGIBLE,4,1000.0,True,INSUMO,1,METROS,derivado_de_excel; variantes=1; ejemplos=TERMICOINGIBLE:1
401,TINER,15,34000.0,True,INSUMO,49,GALON,derivado_de_excel; variantes=1; ejemplos=TINER:49
402,TINTE MIEL,12,28000.0,True,INSUMO,49,galon,derivado_de_excel; variantes=1; ejemplos=TINTE MIEL:49
403,TOMA,5,21500.0,True,INSUMO,2,UNIDAD,derivado_de_excel; variantes=1; ejemplos=TOMA:2
404,TOMA EXPANDIBLE,2,260000.0,True,INSUMO,9,unidades,derivado_de_excel; variantes=1; ejemplos=TOMA EXPANDIBLE:9
405,TOMAS,3,5000.0,True,INSUMO,1,UNIDADES,derivado_de_excel; variantes=1; ejemplos=TOMAS:1
406,TOMAS NEGROS,5,10500.0,True,INSUMO,21,UNIDAD,derivado_de_excel; variantes=1; ejemplos=TOMAS NEGROS:21
407,TOMAS NEGROS CON USB,3,23000.0,True,INSUMO,4,UNIDADES,derivado_de_excel; variantes=1; ejemplos=TOMAS NEGROS CON USB:4
408,TOPES,25,3000.0,True,INSUMO,39,JALADORES,derivado_de_excel; variantes=1; ejemplos=TOPES:39
409,TORNIILLOS DE PATAS,5,100.0,True,INSUMO,4,UNIDAD,derivado_de_excel; variantes=1; ejemplos=TORNIILLOS DE PATAS:4
410,TORNILLOS,3,100.0,True,INSUMO,33,UNIDADES,derivado_de_excel; variantes=1; ejemplos=TORNILLOS:33
411,TORNILLOS 1,3,100.0,True,INSUMO,3,UNIDADES,derivado_de_excel; variantes=1; ejemplos=TORNILLOS 1:3
412,TORNILLOS 1 1/2,5,100.0,True,INSUMO,1,UNIDAD,derivado_de_excel; variantes=1; ejemplos=TORNILLOS 1 1/2:1
413,"TORNILLOS 1""",3,100.0,True,INSUMO,3,UNIDADES,"derivado_de_excel; variantes=1; ejemplos=TORNILLOS 1"":3"
414,"TORNILLOS 1""1/2",3,100.0,True,INSUMO,2,UNIDADES,"derivado_de_excel; variantes=1; ejemplos=TORNILLOS 1""1/2:2"
415,TORNILLOS 1' DE UNAS,3,2400.0,True,INSUMO,1,UNIDADES,derivado_de_excel; variantes=1; ejemplos=TORNILLOS 1' DE UNAS:1
416,TORNILLOS 2,3,100.0,True,INSUMO,4,UNIDADES,derivado_de_excel; variantes=1; ejemplos=TORNILLOS 2:4
417,"TORNILLOS 2""",3,100.0,True,INSUMO,2,UNIDADES,"derivado_de_excel; variantes=1; ejemplos=TORNILLOS 2"":2"
418,TORNILLOS DE 1 1/2,3,100.0,True,INSUMO,4,UNIDADES,derivado_de_excel; variantes=1; ejemplos=TORNILLOS DE 1 1/2:4
419,"TORNILLOS DE 1 1/2""",3,100.0,True,INSUMO,21,UNIDADES,"derivado_de_excel; variantes=1; ejemplos=TORNILLOS DE 1 1/2"":21"
420,"TORNILLOS DE 1"" 1/2",53,100.0,True,INSUMO,12,UNIDAD 0,"derivado_de_excel; variantes=1; ejemplos=TORNILLOS DE 1"" 1/2:12"
421,"TORNILLOS DE 1""1/2",5,100.0,True,INSUMO,1,UNIDAD,"derivado_de_excel; variantes=1; ejemplos=TORNILLOS DE 1""1/2:1"
422,TORNILLOS DE 2,5,100.0,True,INSUMO,4,UNIDAD,derivado_de_excel; variantes=1; ejemplos=TORNILLOS DE 2:4
423,"TORNILLOS DE 2""",8,100.0,True,INSUMO,170,Unidad,"derivado_de_excel; variantes=1; ejemplos=TORNILLOS DE 2"":170"
424,TORNILLOS DE 2'',3,63.0,True,INSUMO,2,UNIDADES,derivado_de_excel; variantes=1; ejemplos=TORNILLOS DE 2'':2
425,TORNILLOS DE UNA,3,1800.0,True,INSUMO,1,UNIDADES,derivado_de_excel; variantes=1; ejemplos=TORNILLOS DE UNA:1
426,TORNILLOS TUERCA DE UNA,5,800.0,True,INSUMO,1,UNIDAD,derivado_de_excel; variantes=1; ejemplos=TORNILLOS TUERCA DE UNA:1
427,TORNILLOS TUERCA UNA,3,1650.0,True,INSUMO,2,UNIDADES,derivado_de_excel; variantes=1; ejemplos=TORNILLOS TUERCA UNA:2
428,TRASPORTE,40,125000.0,True,INSUMO,1,METRO,derivado_de_excel; variantes=1; ejemplos=TRASPORTE:1
429,TRITURADO,5,15000.0,True,INSUMO,1,UNIDAD,derivado_de_excel; variantes=1; ejemplos=TRITURADO:1
430,TUERCA UNA,10,2400.0,True,INSUMO,1,PAR,derivado_de_excel; variantes=1; ejemplos=TUERCA UNA:1
431,UNDUPLAC,84,13750.0,True,INSUMO,2,LAMINA ( 55*56),derivado_de_excel; variantes=1; ejemplos=UNDUPLAC:2
432,VIDRIOS,11,45000.0,True,INSUMO,38,unidad,derivado_de_excel; variantes=1; ejemplos=VIDRIOS:38
